token,layer,phase,t0,t1,dur_s,bytes,l1_hit,l1_miss,l2_hit,l2_miss
0,0,trunk,573.549205,575.996556,2.447351,2341216256,0,1,0,0
0,0,compute,575.996589,576.281422,0.284832,0,0,0,0,0
0,1,trunk,576.281424,576.739327,0.457904,645562368,-1,1,0,0
0,1,expert,576.808690,577.079404,0.270715,280887296,0,0,16,0
0,1,compute,576.739371,577.224178,0.484807,0,0,0,0,0
0,2,trunk,577.224180,577.670121,0.445941,645562368,-2,1,0,0
0,2,expert,577.730861,578.078325,0.347464,280887296,0,0,16,0
0,2,compute,577.670168,578.198330,0.528163,0,0,0,0,0
0,3,trunk,578.198332,578.202218,0.003886,431890432,-3,1,0,0
0,3,expert,578.250361,578.737876,0.487514,280887296,0,0,16,0
0,3,compute,578.202242,578.839731,0.637490,0,0,0,0,0
0,4,trunk,578.839733,578.843187,0.003454,645562368,-4,1,0,0
0,4,expert,578.914233,579.378382,0.464150,280887296,0,0,16,0
0,4,compute,578.843208,579.490010,0.646802,0,0,0,0,0
0,5,trunk,579.490012,579.493912,0.003900,645562368,-5,1,0,0
0,5,expert,579.562786,580.026676,0.463890,280887296,0,0,16,0
0,5,compute,579.493951,580.138186,0.644235,0,0,0,0,0
0,6,trunk,580.138188,580.141765,0.003577,645562368,-6,1,0,0
0,6,expert,580.208495,580.534642,0.326147,280887296,0,0,16,0
0,6,compute,580.141793,580.655171,0.513378,0,0,0,0,0
0,7,trunk,580.655174,580.659047,0.003873,431890432,-7,1,0,0
0,7,expert,580.705212,581.192813,0.487601,280887296,0,0,16,0
0,7,compute,580.659085,581.307065,0.647980,0,0,0,0,0
0,8,trunk,581.307067,581.310601,0.003534,645562368,-8,1,0,0
0,8,expert,581.380414,581.826903,0.446489,280887296,0,0,16,0
0,8,compute,581.310624,581.954474,0.643850,0,0,0,0,0
0,9,trunk,581.954476,581.958316,0.003840,645562368,-9,1,0,0
0,9,expert,582.022169,582.509143,0.486974,280887296,0,0,16,0
0,9,compute,581.958342,582.621643,0.663301,0,0,0,0,0
0,10,trunk,582.621646,582.625316,0.003670,645562368,-10,1,0,0
0,10,expert,582.692757,583.057154,0.364397,280887296,0,0,16,0
0,10,compute,582.625341,583.179035,0.553694,0,0,0,0,0
0,11,trunk,583.179037,583.182643,0.003606,431890432,-11,1,0,0
0,11,expert,583.225400,583.731691,0.506292,280887296,0,0,16,0
0,11,compute,583.182693,583.866703,0.684011,0,0,0,0,0
0,12,trunk,583.866706,583.870292,0.003587,645562368,-12,1,0,0
0,12,expert,583.956270,584.412976,0.456706,280887296,0,0,16,0
0,12,compute,583.870333,584.542312,0.671979,0,0,0,0,0
0,13,trunk,584.542314,584.546178,0.003864,645562368,-13,1,0,0
0,13,expert,584.622221,585.095958,0.473738,280887296,0,0,16,0
0,13,compute,584.546334,585.214196,0.667862,0,0,0,0,0
0,14,trunk,585.214198,585.217687,0.003489,645562368,-14,1,0,0
0,14,expert,585.286263,585.636268,0.350006,280887296,0,0,16,0
0,14,compute,585.217711,585.742847,0.525136,0,0,0,0,0
0,15,trunk,585.742849,585.746290,0.003441,431890432,-15,1,0,0
0,15,expert,585.796076,586.291703,0.495627,280887296,0,0,16,0
0,15,compute,585.746582,586.414212,0.667630,0,0,0,0,0
0,16,trunk,586.414214,586.417938,0.003724,645562368,-16,1,0,0
0,16,expert,586.489919,586.944937,0.455018,280887296,0,0,16,0
0,16,compute,586.418300,587.066187,0.647887,0,0,0,0,0
0,17,trunk,587.066189,587.069965,0.003776,645562368,-17,1,0,0
0,17,expert,587.143946,587.600525,0.456579,280887296,0,0,16,0
0,17,compute,587.070502,587.710063,0.639561,0,0,0,0,0
0,18,trunk,587.710064,587.713541,0.003477,645562368,-18,1,0,0
0,18,expert,587.783279,588.139118,0.355839,280887296,0,0,16,0
0,18,compute,587.717910,588.262271,0.544362,0,0,0,0,0
0,19,trunk,588.262273,588.266037,0.003764,431890432,-19,1,0,0
0,19,expert,588.309456,588.783169,0.473713,280887296,0,0,16,0
0,19,compute,588.266451,588.906464,0.640013,0,0,0,0,0
0,20,trunk,588.906467,588.910822,0.004356,645562368,-20,1,0,0
0,20,expert,588.995133,589.439265,0.444132,280887296,0,0,16,0
0,20,compute,588.911388,589.562227,0.650839,0,0,0,0,0
0,21,trunk,589.562229,589.565821,0.003592,645562368,-21,1,0,0
0,21,expert,589.641879,590.122003,0.480124,280887296,0,0,16,0
0,21,compute,589.566176,590.239958,0.673782,0,0,0,0,0
0,22,trunk,590.239959,590.243659,0.003700,645562368,-22,1,0,0
0,22,expert,590.312302,590.676431,0.364129,280887296,0,0,16,0
0,22,compute,590.243705,590.794342,0.550637,0,0,0,0,0
0,23,trunk,590.794344,590.797871,0.003527,431890432,-23,1,0,0
0,23,expert,590.846328,602.513493,11.667164,280887296,0,0,16,0
0,23,compute,590.797923,602.630666,11.832743,0,0,0,0,0
0,24,trunk,602.630668,602.634360,0.003692,645562368,-24,1,0,0
0,24,expert,602.705737,603.287790,0.582054,280887296,0,0,16,0
0,24,compute,602.634396,603.402176,0.767779,0,0,0,0,0
0,25,trunk,603.402178,603.405810,0.003632,645562368,-25,1,0,0
0,25,expert,603.486240,604.030431,0.544191,280887296,0,0,16,0
0,25,compute,603.405867,604.154350,0.748484,0,0,0,0,0
0,26,trunk,604.154352,604.157977,0.003624,645562368,-26,1,0,0
0,26,expert,604.221656,604.622062,0.400406,280887296,0,0,16,0
0,26,compute,604.157998,604.745187,0.587189,0,0,0,0,0
0,27,trunk,604.745189,604.749160,0.003971,431890432,-27,1,0,0
0,27,expert,604.796381,605.292153,0.495773,280887296,0,0,16,0
0,27,compute,604.749182,605.413308,0.664127,0,0,0,0,0
0,28,trunk,605.413310,605.416770,0.003460,645562368,-28,1,0,0
0,28,expert,605.484665,605.963646,0.478981,280887296,0,0,16,0
0,28,compute,605.416790,606.083448,0.666658,0,0,0,0,0
0,29,trunk,606.083451,606.087544,0.004094,645562368,-29,1,0,0
0,29,expert,606.161097,606.691005,0.529908,280887296,0,0,16,0
0,29,compute,606.087576,606.806264,0.718688,0,0,0,0,0
0,30,trunk,606.806266,606.809943,0.003677,645562368,-30,1,0,0
0,30,expert,606.874677,607.289681,0.415004,280887296,0,0,16,0
0,30,compute,606.810006,607.430164,0.620158,0,0,0,0,0
0,31,trunk,607.430166,607.434088,0.003921,431890432,-31,1,0,0
0,31,expert,607.477051,608.091393,0.614342,280887296,0,0,16,0
0,31,compute,607.434111,608.214649,0.780538,0,0,0,0,0
0,32,trunk,608.214651,608.218296,0.003645,645562368,-32,1,0,0
0,32,expert,608.287019,608.848436,0.561416,280887296,0,0,16,0
0,32,compute,608.218319,608.954122,0.735803,0,0,0,0,0
0,33,trunk,608.954124,608.957609,0.003485,645562368,-33,1,0,0
0,33,expert,609.026290,609.623157,0.596867,280887296,0,0,16,0
0,33,compute,608.957647,609.724547,0.766901,0,0,0,0,0
0,34,trunk,609.724549,609.728091,0.003542,645562368,-34,1,0,0
0,34,expert,609.793071,610.196338,0.403267,280887296,0,0,16,0
0,34,compute,609.728111,610.322421,0.594310,0,0,0,0,0
0,35,trunk,610.322423,610.326024,0.003601,431890432,-35,1,0,0
0,35,expert,610.368921,610.974379,0.605458,280887296,0,0,16,0
0,35,compute,610.326054,611.096707,0.770653,0,0,0,0,0
0,36,trunk,611.096709,611.100227,0.003518,645562368,-36,1,0,0
0,36,expert,611.173238,611.736250,0.563011,280887296,0,0,16,0
0,36,compute,611.100254,611.858268,0.758013,0,0,0,0,0
0,37,trunk,611.858270,611.861884,0.003614,645562368,-37,1,0,0
0,37,expert,611.942038,612.500413,0.558375,280887296,0,0,16,0
0,37,compute,611.861908,612.614295,0.752387,0,0,0,0,0
0,38,trunk,612.614297,612.618055,0.003758,645562368,-38,1,0,0
0,38,expert,612.713798,613.081680,0.367882,280887296,0,0,16,0
0,38,compute,612.618080,613.212772,0.594692,0,0,0,0,0
0,39,trunk,613.212774,613.216373,0.003599,431890432,-39,1,0,0
0,39,expert,613.261579,613.852550,0.590971,280887296,0,0,16,0
0,39,compute,613.216405,613.976227,0.759822,0,0,0,0,0
0,40,trunk,613.976229,613.979755,0.003527,645562368,-40,1,0,0
0,40,expert,614.053743,614.598406,0.544663,280887296,0,0,16,0
0,40,compute,613.979781,614.724974,0.745192,0,0,0,0,0
0,41,trunk,614.724976,614.728853,0.003877,645562368,-41,1,0,0
0,41,expert,614.812327,615.327821,0.515494,280887296,0,0,16,0
0,41,compute,614.728875,615.457818,0.728943,0,0,0,0,0
0,42,trunk,615.457820,615.462250,0.004430,645562368,-42,1,0,0
0,42,expert,615.541094,615.939201,0.398107,280887296,0,0,16,0
0,42,compute,615.462296,616.093359,0.631063,0,0,0,0,0
0,43,trunk,616.093361,616.097159,0.003799,431890432,-43,1,0,0
0,43,expert,616.188779,616.759020,0.570241,280887296,0,0,16,0
0,43,compute,616.097196,616.890730,0.793534,0,0,0,0,0
0,44,trunk,616.890732,616.894104,0.003373,645562368,-44,1,0,0
0,44,expert,616.965955,617.489618,0.523663,280887296,0,0,16,0
0,44,compute,616.894168,617.634314,0.740145,0,0,0,0,0
0,45,trunk,617.634317,617.639683,0.005366,645562368,-45,1,0,0
0,45,expert,617.712978,618.292055,0.579077,280887296,0,0,16,0
0,45,compute,617.639733,618.418739,0.779006,0,0,0,0,0
0,46,trunk,618.418740,618.423866,0.005126,645562368,-46,1,0,0
0,46,expert,618.495232,618.924386,0.429154,280887296,0,0,16,0
0,46,compute,618.423911,619.057277,0.633366,0,0,0,0,0
0,47,trunk,619.057282,619.061290,0.004007,431890432,-47,1,0,0
0,47,expert,619.109972,619.704673,0.594700,280887296,0,0,16,0
0,47,compute,619.061317,619.822215,0.760898,0,0,0,0,0
0,48,trunk,619.822217,619.825838,0.003620,645562368,-48,1,0,0
0,48,expert,619.889815,620.473426,0.583611,280887296,0,0,16,0
0,48,compute,619.825860,620.590768,0.764908,0,0,0,0,0
0,49,trunk,620.590770,620.594275,0.003505,645562368,-49,1,0,0
0,49,expert,620.661823,621.252813,0.590990,280887296,0,0,16,0
0,49,compute,620.594298,621.371063,0.776765,0,0,0,0,0
0,50,trunk,621.371065,621.374714,0.003649,645562368,-50,1,0,0
0,50,expert,621.446444,621.900586,0.454142,280887296,0,0,16,0
0,50,compute,621.374741,622.018335,0.643594,0,0,0,0,0
0,51,trunk,622.018337,622.022049,0.003712,431890432,-51,1,0,0
0,51,expert,622.069031,622.660182,0.591151,280887296,0,0,16,0
0,51,compute,622.022075,622.782563,0.760487,0,0,0,0,0
0,52,trunk,622.782564,622.785906,0.003342,645562368,-52,1,0,0
0,52,expert,622.850085,623.436277,0.586193,280887296,0,0,16,0
0,52,compute,622.785929,623.554534,0.768605,0,0,0,0,0
0,53,trunk,623.554536,623.557946,0.003410,645562368,-53,1,0,0
0,53,expert,623.624999,624.231293,0.606294,280887296,0,0,16,0
0,53,compute,623.557978,624.337468,0.779490,0,0,0,0,0
0,54,trunk,624.337470,624.341079,0.003609,645562368,-54,1,0,0
0,54,expert,624.403205,624.861013,0.457808,280887296,0,0,16,0
0,54,compute,624.341101,624.978222,0.637121,0,0,0,0,0
0,55,trunk,624.978223,624.982225,0.004002,431890432,-55,1,0,0
0,55,expert,625.021560,625.616838,0.595278,280887296,0,0,16,0
0,55,compute,624.982249,625.723584,0.741335,0,0,0,0,0
0,56,trunk,625.723586,625.727148,0.003562,645562368,-56,1,0,0
0,56,expert,625.794469,626.419521,0.625052,280887296,0,0,16,0
0,56,compute,625.727195,626.542489,0.815294,0,0,0,0,0
0,57,trunk,626.542491,626.546131,0.003639,645562368,-57,1,0,0
0,57,expert,626.612776,627.449099,0.836323,280887296,0,0,16,0
0,57,compute,626.546162,627.567741,1.021579,0,0,0,0,0
0,58,trunk,627.567743,627.571207,0.003464,645562368,-58,1,0,0
0,58,expert,627.634353,628.225366,0.591013,280887296,0,0,16,0
0,58,compute,627.571228,628.346233,0.775005,0,0,0,0,0
0,59,trunk,628.346236,628.349697,0.003461,431890432,-59,1,0,0
0,59,expert,628.388885,629.190819,0.801934,280887296,0,0,16,0
0,59,compute,628.349719,629.306363,0.956644,0,0,0,0,0
0,60,trunk,629.306365,629.309849,0.003484,645562368,-60,1,0,0
0,60,expert,629.413681,630.173131,0.759450,280887296,0,0,16,0
0,60,compute,629.309870,630.286198,0.976327,0,0,0,0,0
0,61,trunk,630.286200,630.289580,0.003380,645562368,-61,1,0,0
0,61,expert,630.354105,631.131239,0.777135,280887296,0,0,16,0
0,61,compute,630.289601,631.234080,0.944479,0,0,0,0,0
0,62,trunk,631.234082,631.237524,0.003442,645562368,-62,1,0,0
0,62,expert,631.298296,631.878563,0.580267,280887296,0,0,16,0
0,62,compute,631.237548,631.998631,0.761083,0,0,0,0,0
0,63,trunk,631.998633,632.002024,0.003391,431890432,-63,1,0,0
0,63,expert,632.043719,632.841242,0.797523,280887296,0,0,16,0
0,63,compute,632.002085,632.958208,0.956123,0,0,0,0,0
0,64,trunk,632.958210,632.961594,0.003384,645562368,-64,1,0,0
0,64,expert,633.027189,633.805619,0.778430,280887296,0,0,16,0
0,64,compute,632.961632,633.922287,0.960655,0,0,0,0,0
0,65,trunk,633.922289,633.925930,0.003641,645562368,-65,1,0,0
0,65,expert,633.987366,634.750343,0.762977,280887296,0,0,16,0
0,65,compute,633.925960,634.855881,0.929921,0,0,0,0,0
0,66,trunk,634.855883,634.859225,0.003343,645562368,-66,1,0,0
0,66,expert,634.922401,635.521244,0.598843,280887296,0,0,16,0
0,66,compute,634.859250,635.624144,0.764894,0,0,0,0,0
0,67,trunk,635.624146,635.627779,0.003632,431890432,-67,1,0,0
0,67,expert,635.668214,636.478299,0.810085,280887296,0,0,16,0
0,67,compute,635.627804,636.588743,0.960939,0,0,0,0,0
0,68,trunk,636.588744,636.592265,0.003520,645562368,-68,1,0,0
0,68,expert,636.659024,637.302513,0.643490,280887296,0,0,16,0
0,68,compute,636.592285,637.403902,0.811618,0,0,0,0,0
0,69,trunk,637.403905,637.454175,0.050271,645562368,-69,1,0,0
0,69,expert,637.513107,638.317743,0.804636,280887296,0,0,16,0
0,69,compute,637.454252,638.430185,0.975933,0,0,0,0,0
0,70,trunk,638.430186,638.433613,0.003426,645562368,-70,1,0,0
0,70,expert,638.499389,639.082622,0.583233,280887296,0,0,16,0
0,70,compute,638.433791,639.196583,0.762792,0,0,0,0,0
0,71,trunk,639.196603,639.200328,0.003724,431890432,-71,1,0,0
0,71,expert,639.238501,640.090000,0.851499,280887296,0,0,16,0
0,71,compute,639.200354,640.211015,1.010660,0,0,0,0,0
0,72,trunk,640.211017,640.214723,0.003706,645562368,-72,1,0,0
0,72,expert,640.280949,641.003833,0.722884,280887296,0,0,16,0
0,72,compute,640.214747,641.123036,0.908288,0,0,0,0,0
0,73,trunk,641.123038,641.126623,0.003585,645562368,-73,1,0,0
0,73,expert,641.193968,641.980844,0.786876,280887296,0,0,16,0
0,73,compute,641.126645,642.102245,0.975600,0,0,0,0,0
0,74,trunk,642.102247,642.105816,0.003569,645562368,-74,1,0,0
0,74,expert,642.168803,642.752292,0.583489,280887296,0,0,16,0
0,74,compute,642.105838,642.862162,0.756324,0,0,0,0,0
0,75,trunk,642.862164,642.865644,0.003480,431890432,-75,1,0,0
0,75,expert,642.902117,643.728642,0.826525,280887296,0,0,16,0
0,75,compute,642.865668,643.854196,0.988528,0,0,0,0,0
0,76,trunk,643.854198,643.857757,0.003559,645562368,-76,1,0,0
0,76,expert,643.922571,644.682691,0.760120,280887296,0,0,16,0
0,76,compute,643.857804,644.814515,0.956711,0,0,0,0,0
0,77,trunk,644.814517,644.818490,0.003973,645562368,-77,1,0,0
0,77,expert,644.889753,645.662679,0.772926,280887296,0,0,16,0
0,77,compute,644.818521,645.779011,0.960490,0,0,0,0,0
0,78,trunk,645.779013,645.782565,0.003552,645562368,-78,1,0,0
0,78,expert,645.844388,646.450652,0.606264,280887296,0,0,16,0
0,78,compute,645.782585,646.572064,0.789479,0,0,0,0,0
0,79,trunk,646.572066,646.575625,0.003558,431890432,-79,1,0,0
0,79,expert,646.634392,647.389940,0.755547,280887296,0,0,16,0
0,79,compute,646.575664,647.507784,0.932120,0,0,0,0,0
0,80,trunk,647.507786,647.511602,0.003816,645562368,-80,1,0,0
0,80,expert,647.578205,648.336799,0.758594,280887296,0,0,16,0
0,80,compute,647.511626,648.446195,0.934569,0,0,0,0,0
0,81,trunk,648.446198,648.449693,0.003496,645562368,-81,1,0,0
0,81,expert,648.529439,649.294556,0.765117,280887296,0,0,16,0
0,81,compute,648.449733,649.414217,0.964485,0,0,0,0,0
0,82,trunk,649.414219,649.417546,0.003327,645562368,-82,1,0,0
0,82,expert,649.479503,650.053982,0.574479,280887296,0,0,16,0
0,82,compute,649.417568,650.163017,0.745449,0,0,0,0,0
0,83,trunk,650.163020,650.166435,0.003416,431890432,-83,1,0,0
0,83,expert,650.206995,650.992694,0.785699,280887296,0,0,16,0
0,83,compute,650.166456,651.093520,0.927065,0,0,0,0,0
0,84,trunk,651.093522,651.096862,0.003339,645562368,-84,1,0,0
0,84,expert,651.163892,651.931165,0.767272,280887296,0,0,16,0
0,84,compute,651.096882,652.054262,0.957380,0,0,0,0,0
0,85,trunk,652.054265,652.057889,0.003625,645562368,-85,1,0,0
0,85,expert,652.122191,652.913604,0.791413,280887296,0,0,16,0
0,85,compute,652.057911,653.030256,0.972345,0,0,0,0,0
0,86,trunk,653.030258,653.033703,0.003444,645562368,-86,1,0,0
0,86,expert,653.092842,653.661778,0.568935,280887296,0,0,16,0
0,86,compute,653.033730,653.782611,0.748881,0,0,0,0,0
0,87,trunk,653.782613,653.786149,0.003536,431890432,-87,1,0,0
0,87,expert,653.824820,654.576468,0.751648,280887296,0,0,16,0
0,87,compute,653.786173,654.678883,0.892710,0,0,0,0,0
0,88,trunk,654.678885,654.682905,0.004020,645562368,-88,1,0,0
0,88,expert,654.748496,655.530588,0.782091,280887296,0,0,16,0
0,88,compute,654.682928,655.643042,0.960114,0,0,0,0,0
0,89,trunk,655.643044,655.646449,0.003405,645562368,-89,1,0,0
0,89,expert,655.709896,656.525595,0.815700,280887296,0,0,16,0
0,89,compute,655.646493,656.647009,1.000517,0,0,0,0,0
0,90,trunk,656.647011,656.650664,0.003652,645562368,-90,1,0,0
0,90,expert,656.714356,657.279010,0.564653,280887296,0,0,16,0
0,90,compute,656.650746,657.386167,0.735421,0,0,0,0,0
0,91,trunk,657.386170,657.389732,0.003563,431890432,-91,1,0,0
0,91,expert,657.433387,658.014291,0.580904,280887296,0,0,16,0
0,91,compute,657.389754,658.126468,0.736714,0,0,0,0,0
0,92,trunk,658.126470,658.130014,0.003544,431890432,-92,1,0,0
0,92,expert,658.181831,658.426035,0.244204,280887296,0,0,16,0
0,92,compute,658.130016,658.538675,0.408659,0,0,0,0,0
0,0,trunk,658.642354,658.642389,0.000036,0,-92,0,0,0
0,0,compute,658.642401,658.769362,0.126960,0,0,0,0,0
0,1,trunk,658.769364,659.205588,0.436224,645562368,-92,1,0,0
0,1,expert,659.269681,659.999877,0.730196,280887296,0,0,16,0
0,1,compute,659.205640,660.092938,0.887299,0,0,0,0,0
0,2,trunk,660.092940,660.096316,0.003375,645562368,-93,1,0,0
0,2,expert,660.158186,660.713083,0.554897,263331840,0,0,15,0
0,2,compute,660.096335,660.814534,0.718198,0,0,0,0,0
0,3,trunk,660.814536,660.817947,0.003411,431890432,-94,1,0,0
0,3,expert,660.858064,661.534833,0.676769,193110016,0,0,11,0
0,3,compute,660.817969,661.649416,0.831447,0,0,0,0,0
0,4,trunk,661.649418,661.652801,0.003384,645562368,-95,1,0,0
0,4,expert,661.717447,662.443100,0.725654,263331840,0,0,15,0
0,4,compute,661.652824,662.562334,0.909511,0,0,0,0,0
0,5,trunk,662.562336,662.565680,0.003344,645562368,-96,1,0,0
0,5,expert,662.627395,663.352024,0.724629,263331840,0,0,15,0
0,5,compute,662.565700,663.458750,0.893049,0,0,0,0,0
0,6,trunk,663.458751,663.462275,0.003524,645562368,-97,1,0,0
0,6,expert,663.522292,664.044220,0.521929,245776384,0,0,14,0
0,6,compute,663.462298,664.162352,0.700054,0,0,0,0,0
0,7,trunk,664.162354,664.165941,0.003588,431890432,-98,1,0,0
0,7,expert,664.204484,664.924317,0.719833,245776384,0,0,14,0
0,7,compute,664.165961,665.027560,0.861598,0,0,0,0,0
0,8,trunk,665.027562,665.031034,0.003472,645562368,-99,1,0,0
0,8,expert,665.094599,665.914904,0.820305,280887296,0,0,16,0
0,8,compute,665.031058,666.026527,0.995468,0,0,0,0,0
0,9,trunk,666.026528,666.030015,0.003486,645562368,-100,1,0,0
0,9,expert,666.094757,667.001610,0.906853,228220928,0,0,13,0
0,9,compute,666.030036,667.118215,1.088178,0,0,0,0,0
0,10,trunk,667.118216,667.121635,0.003419,645562368,-101,1,0,0
0,10,expert,667.184047,667.750341,0.566293,245776384,0,0,14,0
0,10,compute,667.121657,667.870335,0.748678,0,0,0,0,0
0,11,trunk,667.870337,667.873790,0.003452,431890432,-102,1,0,0
0,11,expert,667.914308,668.690958,0.776650,263331840,0,0,15,0
0,11,compute,667.873812,668.804047,0.930235,0,0,0,0,0
0,12,trunk,668.804049,668.807129,0.003081,645562368,-103,1,0,0
0,12,expert,668.869004,669.575621,0.706617,228220928,0,0,13,0
0,12,compute,668.807152,669.672367,0.865214,0,0,0,0,0
0,13,trunk,669.672369,669.675711,0.003342,645562368,-104,1,0,0
0,13,expert,669.753316,670.442424,0.689108,245776384,0,0,14,0
0,13,compute,669.675755,670.555845,0.880090,0,0,0,0,0
0,14,trunk,670.555847,670.559427,0.003581,645562368,-105,1,0,0
0,14,expert,670.626787,671.163138,0.536351,263331840,0,0,15,0
0,14,compute,670.563360,671.282497,0.719137,0,0,0,0,0
0,15,trunk,671.282499,671.286213,0.003714,431890432,-106,1,0,0
0,15,expert,671.341061,672.084398,0.743337,263331840,0,0,15,0
0,15,compute,671.286553,672.202272,0.915719,0,0,0,0,0
0,16,trunk,672.202274,672.205755,0.003481,645562368,-107,1,0,0
0,16,expert,672.268511,672.934947,0.666437,263331840,0,0,15,0
0,16,compute,672.205805,673.051007,0.845202,0,0,0,0,0
0,17,trunk,673.051010,673.054648,0.003639,645562368,-108,1,0,0
0,17,expert,673.121886,673.849087,0.727201,280887296,0,0,16,0
0,17,compute,673.060092,673.966489,0.906397,0,0,0,0,0
0,18,trunk,673.966491,673.970185,0.003694,645562368,-109,1,0,0
0,18,expert,674.043313,674.602330,0.559017,263331840,0,0,15,0
0,18,compute,673.973790,674.700649,0.726859,0,0,0,0,0
0,19,trunk,674.700651,674.704619,0.003968,431890432,-110,1,0,0
0,19,expert,674.744477,675.440308,0.695831,245776384,0,0,14,0
0,19,compute,674.710072,675.537873,0.827801,0,0,0,0,0
0,20,trunk,675.537875,675.541669,0.003794,645562368,-111,1,0,0
0,20,expert,675.607545,676.305106,0.697561,263331840,0,0,15,0
0,20,compute,675.547773,676.422205,0.874432,0,0,0,0,0
0,21,trunk,676.422207,676.425705,0.003498,645562368,-112,1,0,0
0,21,expert,676.491029,677.228053,0.737024,245776384,0,0,14,0
0,21,compute,676.430915,677.331007,0.900092,0,0,0,0,0
0,22,trunk,677.331009,677.334434,0.003425,645562368,-113,1,0,0
0,22,expert,677.398827,677.962005,0.563178,263331840,0,0,15,0
0,22,compute,677.334616,678.074402,0.739785,0,0,0,0,0
0,23,trunk,678.074403,678.077989,0.003586,431890432,-114,1,0,0
0,23,expert,678.129864,678.783694,0.653830,210665472,0,0,12,0
0,23,compute,678.078011,678.916045,0.838035,0,0,0,0,0
0,24,trunk,678.916047,678.919596,0.003549,645562368,-115,1,0,0
0,24,expert,678.985480,679.719944,0.734464,193110016,0,0,11,0
0,24,compute,678.919643,679.828744,0.909101,0,0,0,0,0
0,25,trunk,679.828746,679.832095,0.003348,645562368,-116,1,0,0
0,25,expert,679.903574,680.625105,0.721531,245776384,0,0,14,0
0,25,compute,679.832114,680.754166,0.922052,0,0,0,0,0
0,26,trunk,680.754168,680.757557,0.003389,645562368,-117,1,0,0
0,26,expert,680.828463,681.322965,0.494503,193110016,0,0,11,0
0,26,compute,680.757578,681.441649,0.684071,0,0,0,0,0
0,27,trunk,681.441674,681.445714,0.004040,431890432,-118,1,0,0
0,27,expert,681.482139,682.172878,0.690739,228220928,0,0,13,0
0,27,compute,681.445743,682.286602,0.840859,0,0,0,0,0
0,28,trunk,682.286604,682.290077,0.003473,645562368,-119,1,0,0
0,28,expert,682.357307,683.040146,0.682839,263331840,0,0,15,0
0,28,compute,682.290098,683.146601,0.856502,0,0,0,0,0
0,29,trunk,683.146603,683.150414,0.003810,645562368,-120,1,0,0
0,29,expert,683.214314,683.972512,0.758198,245776384,0,0,14,0
0,29,compute,683.150440,684.075813,0.925372,0,0,0,0,0
0,30,trunk,684.075815,684.079185,0.003370,645562368,-121,1,0,0
0,30,expert,684.139523,684.693334,0.553811,245776384,0,0,14,0
0,30,compute,684.079207,684.806200,0.726993,0,0,0,0,0
0,31,trunk,684.806202,684.809628,0.003427,431890432,-122,1,0,0
0,31,expert,684.858611,685.622954,0.764343,280887296,0,0,16,0
0,31,compute,684.809650,685.742350,0.932700,0,0,0,0,0
0,32,trunk,685.742352,685.745747,0.003395,645562368,-123,1,0,0
0,32,expert,685.812132,689.952042,4.139910,245776384,0,0,14,0
0,32,compute,685.745769,690.058364,4.312595,0,0,0,0,0
0,33,trunk,690.058366,690.062086,0.003720,645562368,-124,1,0,0
0,33,expert,690.127676,696.369433,6.241757,245776384,0,0,14,0
0,33,compute,690.062143,696.494257,6.432114,0,0,0,0,0
0,34,trunk,696.494259,696.498078,0.003819,645562368,-125,1,0,0
0,34,expert,696.564163,705.060115,8.495952,280887296,0,0,16,0
0,34,compute,696.498101,705.180054,8.681953,0,0,0,0,0
0,35,trunk,705.180055,705.183452,0.003397,431890432,-126,1,0,0
0,35,expert,705.230717,712.735584,7.504867,280887296,0,0,16,0
0,35,compute,705.183530,712.861647,7.678118,0,0,0,0,0
0,36,trunk,712.861649,712.865134,0.003485,645562368,-127,1,0,0
0,36,expert,712.974034,717.599207,4.625173,193110016,0,0,11,0
0,36,compute,712.865161,717.704924,4.839762,0,0,0,0,0
0,37,trunk,717.704925,717.708763,0.003838,645562368,-128,1,0,0
0,37,expert,717.806161,723.715765,5.909605,228220928,0,0,13,0
0,37,compute,717.708784,723.842252,6.133468,0,0,0,0,0
0,38,trunk,723.842254,723.845629,0.003375,645562368,-129,1,0,0
0,38,expert,723.911228,732.092322,8.181094,245776384,0,0,14,0
0,38,compute,723.845843,732.210287,8.364444,0,0,0,0,0
0,39,trunk,732.210289,732.214430,0.004141,431890432,-130,1,0,0
0,39,expert,732.293424,740.976024,8.682600,263331840,0,0,15,0
0,39,compute,732.214458,741.090166,8.875708,0,0,0,0,0
0,40,trunk,741.090169,741.093686,0.003517,645562368,-131,1,0,0
0,40,expert,741.158364,747.921989,6.763625,228220928,0,0,13,0
0,40,compute,741.093716,748.030459,6.936743,0,0,0,0,0
0,41,trunk,748.030461,748.034165,0.003704,645562368,-132,1,0,0
0,41,expert,748.103923,772.777608,24.673685,228220928,0,0,13,0
0,41,compute,748.034185,772.891251,24.857066,0,0,0,0,0
0,42,trunk,772.891253,772.896607,0.005354,645562368,-133,1,0,0
0,42,expert,772.980351,773.380937,0.400586,140443648,0,0,8,0
0,42,compute,772.896626,773.502323,0.605697,0,0,0,0,0
0,43,trunk,773.502325,773.507270,0.004945,431890432,-134,1,0,0
0,43,expert,773.565356,776.522550,2.957194,228220928,0,0,13,0
0,43,compute,773.507291,776.654604,3.147313,0,0,0,0,0
0,44,trunk,776.654606,776.667897,0.013291,645562368,-135,1,0,0
0,44,expert,776.827585,782.007425,5.179839,228220928,0,0,13,0
0,44,compute,776.667956,782.214018,5.546062,0,0,0,0,0
0,45,trunk,782.214021,782.219166,0.005145,645562368,-136,1,0,0
0,45,expert,782.317033,783.862501,1.545468,175554560,0,0,10,0
0,45,compute,782.219189,784.107346,1.888158,0,0,0,0,0
0,46,trunk,784.107348,784.111259,0.003910,645562368,-137,1,0,0
0,46,expert,784.182351,784.614806,0.432455,140443648,0,0,8,0
0,46,compute,784.111282,784.916170,0.804888,0,0,0,0,0
0,47,trunk,784.916172,784.919966,0.003794,431890432,-138,1,0,0
0,47,expert,785.001693,785.516029,0.514336,193110016,0,0,11,0
0,47,compute,784.919991,785.802236,0.882246,0,0,0,0,0
0,48,trunk,785.802239,785.812325,0.010086,645562368,-139,1,0,0
0,48,expert,785.945409,786.366911,0.421502,228220928,0,0,13,0
0,48,compute,785.812373,786.578276,0.765904,0,0,0,0,0
0,49,trunk,786.578278,786.582123,0.003844,645562368,-140,1,0,0
0,49,expert,786.685965,787.121897,0.435932,157999104,0,0,9,0
0,49,compute,786.582145,787.490158,0.908013,0,0,0,0,0
0,50,trunk,787.490160,787.494813,0.004653,645562368,-141,1,0,0
0,50,expert,787.598401,787.935802,0.337401,210665472,0,0,12,0
0,50,compute,787.494835,788.133095,0.638260,0,0,0,0,0
0,51,trunk,788.133097,788.137423,0.004326,431890432,-142,1,0,0
0,51,expert,788.190541,788.706519,0.515978,210665472,0,0,12,0
0,51,compute,788.137546,788.958187,0.820641,0,0,0,0,0
0,52,trunk,788.958188,788.962990,0.004802,645562368,-143,1,0,0
0,52,expert,789.043345,789.542285,0.498939,263331840,0,0,15,0
0,52,compute,788.963013,789.859086,0.896072,0,0,0,0,0
0,53,trunk,789.859087,789.862971,0.003884,645562368,-144,1,0,0
0,53,expert,789.939872,790.419258,0.479386,175554560,0,0,10,0
0,53,compute,789.863014,790.802216,0.939201,0,0,0,0,0
0,54,trunk,790.802218,790.809166,0.006948,645562368,-145,1,0,0
0,54,expert,790.878673,791.268036,0.389362,210665472,0,0,12,0
0,54,compute,790.809202,791.498518,0.689315,0,0,0,0,0
0,55,trunk,791.498520,791.502577,0.004057,431890432,-146,1,0,0
0,55,expert,791.566050,792.090217,0.524167,245776384,0,0,14,0
0,55,compute,791.502619,792.330094,0.827474,0,0,0,0,0
0,56,trunk,792.330096,792.334130,0.004035,645562368,-147,1,0,0
0,56,expert,792.439900,792.943225,0.503325,280887296,0,0,16,0
0,56,compute,792.334153,793.066595,0.732442,0,0,0,0,0
0,57,trunk,793.066597,793.071784,0.005186,645562368,-148,1,0,0
0,57,expert,793.185378,793.655014,0.469636,280887296,0,0,16,0
0,57,compute,793.071834,793.776044,0.704210,0,0,0,0,0
0,58,trunk,793.776046,793.784538,0.008492,645562368,-149,1,0,0
0,58,expert,793.857065,794.243659,0.386595,245776384,0,0,14,0
0,58,compute,793.784559,794.654335,0.869776,0,0,0,0,0
0,59,trunk,794.654337,794.660778,0.006441,431890432,-150,1,0,0
0,59,expert,794.720035,795.241143,0.521109,263331840,0,0,15,0
0,59,compute,794.660838,795.587732,0.926894,0,0,0,0,0
0,60,trunk,795.587734,795.593249,0.005515,645562368,-151,1,0,0
0,60,expert,795.673771,796.207701,0.533931,280887296,0,0,16,0
0,60,compute,795.593274,796.342552,0.749278,0,0,0,0,0
0,61,trunk,796.342554,796.346298,0.003744,645562368,-152,1,0,0
0,61,expert,796.438962,796.942012,0.503050,280887296,0,0,16,0
0,61,compute,796.346320,797.057359,0.711039,0,0,0,0,0
0,62,trunk,797.057361,797.061082,0.003720,645562368,-153,1,0,0
0,62,expert,797.130979,797.504421,0.373442,263331840,0,0,15,0
0,62,compute,797.061124,797.910411,0.849287,0,0,0,0,0
0,63,trunk,797.910413,797.925112,0.014699,431890432,-154,1,0,0
0,63,expert,797.989922,798.532917,0.542995,263331840,0,0,15,0
0,63,compute,797.925173,798.915907,0.990734,0,0,0,0,0
0,64,trunk,798.915909,798.919751,0.003842,645562368,-155,1,0,0
0,64,expert,799.032193,799.538023,0.505830,280887296,0,0,16,0
0,64,compute,798.919792,799.670273,0.750482,0,0,0,0,0
0,65,trunk,799.670275,799.676329,0.006053,645562368,-156,1,0,0
0,65,expert,799.761284,800.229599,0.468315,263331840,0,0,15,0
0,65,compute,799.676355,800.442193,0.765838,0,0,0,0,0
0,66,trunk,800.442195,800.448748,0.006553,645562368,-157,1,0,0
0,66,expert,800.530111,800.865011,0.334900,263331840,0,0,15,0
0,66,compute,800.448765,801.076934,0.628169,0,0,0,0,0
0,67,trunk,801.076936,801.084309,0.007373,431890432,-158,1,0,0
0,67,expert,801.135207,801.712146,0.576940,280887296,0,0,16,0
0,67,compute,801.084328,801.845391,0.761063,0,0,0,0,0
0,68,trunk,801.845393,801.849228,0.003834,645562368,-159,1,0,0
0,68,expert,801.930454,802.431059,0.500605,245776384,0,0,14,0
0,68,compute,801.849285,802.666315,0.817030,0,0,0,0,0
0,69,trunk,802.666318,802.670068,0.003750,645562368,-160,1,0,0
0,69,expert,802.740237,803.267834,0.527597,280887296,0,0,16,0
0,69,compute,802.670088,803.394162,0.724074,0,0,0,0,0
0,70,trunk,803.394164,803.400779,0.006615,645562368,-161,1,0,0
0,70,expert,803.468390,803.853469,0.385079,280887296,0,0,16,0
0,70,compute,803.400798,804.015840,0.615042,0,0,0,0,0
0,71,trunk,804.015842,804.025358,0.009516,431890432,-162,1,0,0
0,71,expert,804.093821,804.653177,0.559357,280887296,0,0,16,0
0,71,compute,804.025408,804.779015,0.753607,0,0,0,0,0
0,72,trunk,804.779016,804.785768,0.006752,645562368,-163,1,0,0
0,72,expert,804.902191,805.425321,0.523130,280887296,0,0,16,0
0,72,compute,804.785790,805.550754,0.764964,0,0,0,0,0
0,73,trunk,805.550812,805.555342,0.004530,645562368,-164,1,0,0
0,73,expert,805.644196,806.168097,0.523902,263331840,0,0,15,0
0,73,compute,805.555387,806.455459,0.900073,0,0,0,0,0
0,74,trunk,806.455462,806.461054,0.005592,645562368,-165,1,0,0
0,74,expert,806.531661,806.902615,0.370954,228220928,0,0,13,0
0,74,compute,806.461074,807.166726,0.705652,0,0,0,0,0
0,75,trunk,807.166728,807.170945,0.004217,431890432,-166,1,0,0
0,75,expert,807.219127,807.753130,0.534004,193110016,0,0,11,0
0,75,compute,807.170970,808.062220,0.891250,0,0,0,0,0
0,76,trunk,808.062335,808.065995,0.003660,645562368,-167,1,0,0
0,76,expert,808.136624,808.608396,0.471772,245776384,0,0,14,0
0,76,compute,808.066052,808.888572,0.822520,0,0,0,0,0
0,77,trunk,808.888574,808.895187,0.006613,645562368,-168,1,0,0
0,77,expert,808.975308,809.536859,0.561551,280887296,0,0,16,0
0,77,compute,808.895210,809.658257,0.763047,0,0,0,0,0
0,78,trunk,809.658259,809.662079,0.003821,645562368,-169,1,0,0
0,78,expert,809.733487,810.132312,0.398825,263331840,0,0,15,0
0,78,compute,809.662116,810.258239,0.596123,0,0,0,0,0
0,79,trunk,810.258241,810.262662,0.004421,431890432,-170,1,0,0
0,79,expert,810.331261,810.853041,0.521780,263331840,0,0,15,0
0,79,compute,810.262682,810.978489,0.715807,0,0,0,0,0
0,80,trunk,810.978490,810.983472,0.004982,645562368,-171,1,0,0
0,80,expert,811.059775,811.560999,0.501224,245776384,0,0,14,0
0,80,compute,810.983497,811.698230,0.714733,0,0,0,0,0
0,81,trunk,811.698232,811.701979,0.003748,645562368,-172,1,0,0
0,81,expert,811.774745,812.299480,0.524735,245776384,0,0,14,0
0,81,compute,811.702019,812.438236,0.736217,0,0,0,0,0
0,82,trunk,812.438238,812.442623,0.004385,645562368,-173,1,0,0
0,82,expert,812.509319,812.786827,0.277508,245776384,0,0,14,0
0,82,compute,812.442647,812.902617,0.459971,0,0,0,0,0
0,83,trunk,812.902620,812.919662,0.017042,431890432,-174,1,0,0
0,83,expert,812.964038,813.307931,0.343893,87777280,0,0,5,0
0,83,compute,812.919722,813.430204,0.510481,0,0,0,0,0
0,84,trunk,813.430206,813.434729,0.004523,645562368,-175,1,0,0
0,84,expert,813.504640,814.007133,0.502493,193110016,0,0,11,0
0,84,compute,813.434760,814.131042,0.696281,0,0,0,0,0
0,85,trunk,814.131044,814.134931,0.003887,645562368,-176,1,0,0
0,85,expert,814.202310,814.708970,0.506659,193110016,0,0,11,0
0,85,compute,814.134955,814.813331,0.678376,0,0,0,0,0
0,86,trunk,814.813337,814.818212,0.004875,645562368,-177,1,0,0
0,86,expert,814.882141,815.236167,0.354026,193110016,0,0,11,0
0,86,compute,814.818262,815.340960,0.522698,0,0,0,0,0
0,87,trunk,815.340962,815.344838,0.003876,431890432,-178,1,0,0
0,87,expert,815.388276,815.872042,0.483766,175554560,0,0,10,0
0,87,compute,815.344858,815.983978,0.639119,0,0,0,0,0
0,88,trunk,815.983980,815.988369,0.004389,645562368,-179,1,0,0
0,88,expert,816.052684,816.526286,0.473601,140443648,0,0,8,0
0,88,compute,815.988388,816.660539,0.672150,0,0,0,0,0
0,89,trunk,816.660541,816.664231,0.003690,645562368,-180,1,0,0
0,89,expert,816.746149,817.230829,0.484680,140443648,0,0,8,0
0,89,compute,816.664249,817.341153,0.676905,0,0,0,0,0
0,90,trunk,817.341156,817.345342,0.004186,645562368,-181,1,0,0
0,90,expert,817.415164,817.748193,0.333029,157999104,0,0,9,0
0,90,compute,817.345363,817.872036,0.526673,0,0,0,0,0
0,91,trunk,817.872037,817.875660,0.003622,431890432,-182,1,0,0
0,91,expert,817.921080,818.306743,0.385664,193110016,0,0,11,0
0,91,compute,817.875683,818.426163,0.550480,0,0,0,0,0
0,92,trunk,818.426165,818.430106,0.003941,431890432,-183,1,0,0
0,92,expert,818.466118,818.572516,0.106398,157999104,0,0,9,0
0,92,compute,818.430108,818.674077,0.243969,0,0,0,0,0
