start,HH:MM:SS,loadavg,idle_pct,avglat_ms,qlen,read_MBps,reads_s
0,09:48:00,0.0,0.00,86.737,148,1,734.86,1,508.07
1,09:48:02,0.0,0.00,92.493,138,1,693.39,1,466.34
2,09:48:04,0.0,0.00,99.281,123,1,556.07,1,344.06
3,09:48:06,0.0,7.13,65.187,6,1,517.81,1,312.75
4,09:48:08,0.0,0.00,86.716,134,1,742.67,1,508.12
5,09:48:10,0.0,0.00,89.772,126,1,728.18,1,501.78
6,09:48:12,0.0,0.00,94.672,127,1,631.40,1,408.84
7,09:48:14,0.0,0.00,93.800,116,1,600.44,1,383.48
8,09:48:16,0.0,0.00,67.107,136,1,681.49,1,464.07
9,09:48:18,0.0,0.00,90.501,117,1,705.16,1,479.36
10,09:48:20,0.0,0.00,96.279,130,1,623.34,1,401.01
11,09:48:22,0.0,0.00,94.104,138,1,615.99,1,396.42
12,09:48:24,0.0,0.00,84.292,97,1,718.68,1,489.16
13,09:48:26,0.0,0.00,90.229,135,1,727.82,1,496.82
14,09:48:29,0.0,0.00,97.515,130,1,590.04,1,374.55
15,09:48:31,0.0,0.00,93.097,125,1,604.97,1,390.12
16,09:48:33,0.0,0.00,1,073.487,142,47.83,40.88
17,09:48:35,0.0,0.00,2,925.825,132,46.73,39.81
18,09:48:37,0.0,0.00,3,292.529,124,45.16,37.89
19,09:48:39,0.0,0.00,3,126.580,138,48.35,42.76
20,09:48:41,0.0,0.00,3,030.207,130,45.39,39.38
21,09:48:43,0.0,0.00,1,659.439,134,262.77,229.27
22,09:48:45,0.0,0.00,81.976,130,1,717.48,1,518.50
23,09:48:47,0.0,0.00,92.324,151,1,682.14,1,478.46
24,09:48:49,0.0,0.00,96.437,145,1,603.02,1,400.97
25,09:48:51,0.0,0.00,88.733,95,1,583.62,1,380.30
26,09:48:53,0.0,0.00,79.923,140,1,711.16,1,500.25
27,09:48:55,0.0,0.00,91.047,126,1,694.62,1,490.13
28,09:48:57,0.0,0.00,98.723,140,1,591.04,1,391.67
29,09:48:59,0.0,0.00,95.645,132,1,607.35,1,405.67
30,09:49:01,0.0,0.00,80.926,124,1,720.54,1,508.61
31,09:49:03,0.0,0.00,91.668,144,1,715.93,1,506.82
32,09:49:05,0.0,0.00,99.241,157,1,092.85,957.39
33,09:49:07,0.0,0.00,1,894.052,146,47.29,42.77
34,09:49:09,0.0,0.00,3,514.381,135,49.45,42.77
35,09:49:11,0.0,0.00,3,121.200,139,47.20,41.85
36,09:49:13,0.0,0.00,3,136.313,144,44.61,37.95
37,09:49:15,0.0,0.00,3,451.078,133,47.25,41.80
38,09:49:17,0.0,0.00,401.530,130,1,036.32,906.99
39,09:49:19,0.0,0.00,140.744,130,1,119.45,978.91
40,09:49:21,0.0,0.00,118.487,152,1,127.64,985.28
41,09:49:23,0.0,0.00,125.413,138,1,161.09,1,016.29
42,09:49:26,0.0,0.00,135.994,152,1,143.85,1,002.99
43,09:49:28,0.0,0.00,137.488,132,1,148.65,1,006.61
44,09:49:30,0.0,0.00,139.193,119,1,133.08,990.47
45,09:49:32,0.0,0.00,137.937,138,1,125.03,985.68
46,09:49:34,0.0,0.00,121.508,131,1,139.74,998.60
47,09:49:36,0.0,0.00,127.465,144,1,163.44,1,017.18
48,09:49:38,0.0,0.00,134.317,147,1,168.65,1,040.23
49,09:49:40,0.0,0.00,134.437,138,1,147.66,1,014.93
50,09:49:42,0.0,0.00,133.271,136,1,152.03,1,022.26
51,09:49:44,0.0,0.00,140.065,138,1,126.76,994.37
52,09:49:46,0.0,0.00,128.459,112,1,141.72,1,014.83
53,09:49:48,0.0,0.00,124.582,143,1,172.46,1,038.51
54,09:49:50,0.0,0.00,134.574,121,1,161.84,1,033.69
55,09:49:52,0.0,0.00,135.288,154,1,156.67,1,023.65
56,09:49:54,0.0,0.00,138.410,151,1,139.74,1,008.72
57,09:49:56,0.0,0.00,138.376,139,1,132.16,1,005.07
58,09:49:58,0.0,0.00,127.686,143,1,148.38,1,021.61
59,09:50:00,0.0,0.00,126.733,110,1,164.47,1,028.99
60,09:50:02,0.0,0.00,134.513,138,1,151.45,1,025.91
61,09:50:04,0.0,0.00,134.905,139,1,163.55,1,033.69
62,09:50:06,0.0,0.00,138.182,133,1,139.68,1,008.25
63,09:50:08,0.0,0.00,141.514,135,1,129.41,995.87
64,09:50:10,0.0,0.00,126.946,132,1,152.33,1,019.34
65,09:50:12,0.0,0.00,124.521,120,1,163.80,1,027.72
66,09:50:14,0.0,0.00,134.251,149,1,167.61,1,031.26
67,09:50:16,0.0,0.00,139.265,130,1,149.99,1,018.55
68,09:50:18,0.0,0.00,135.535,137,1,158.12,1,018.79
69,09:50:20,0.0,0.00,138.055,119,1,144.02,1,006.56
70,09:50:22,0.0,0.00,128.014,131,1,148.63,1,014.85
71,09:50:24,0.0,0.00,123.326,123,1,183.53,1,044.77
72,09:50:26,0.0,0.00,138.633,146,1,169.84,1,034.91
73,09:50:28,0.0,0.00,134.710,131,1,168.40,1,031.04
74,09:50:30,0.0,0.00,136.202,159,1,164.22,1,024.17
75,09:50:32,0.0,0.00,137.142,154,1,149.25,1,010.29
76,09:50:34,0.0,0.00,124.589,133,1,171.98,1,033.62
77,09:50:36,0.0,0.00,127.169,118,1,182.05,1,044.15
78,09:50:38,0.0,0.00,133.353,148,1,173.33,1,035.18
79,09:50:40,0.0,0.00,137.322,140,1,172.84,1,033.31
80,09:50:42,0.0,0.00,133.893,119,1,156.45,1,016.64
81,09:50:44,0.0,0.00,137.053,149,1,144.41,1,006.17
82,09:50:46,0.0,0.00,124.638,136,1,165.36,1,026.63
83,09:50:48,0.0,0.00,127.490,141,1,184.12,1,044.85
84,09:50:50,0.0,0.00,134.990,128,1,171.72,1,035.24
85,09:50:52,0.0,0.00,133.484,129,1,168.08,1,028.46
86,09:50:54,0.0,0.00,132.938,132,1,155.61,1,015.96
87,09:50:56,0.0,0.00,138.437,139,1,144.51,1,005.95
88,09:50:58,0.0,0.00,136.392,124,1,173.00,1,031.94
89,09:51:00,0.0,0.00,126.948,140,1,185.32,1,044.64
90,09:51:02,0.0,0.00,131.942,144,1,158.72,1,021.44
91,09:51:04,0.0,0.00,134.090,136,1,168.91,1,035.23
92,09:51:06,0.0,0.00,132.738,139,1,166.08,1,028.57
93,09:51:08,0.0,0.00,133.894,140,1,142.10,1,007.63
94,09:51:10,0.0,0.00,134.859,141,1,174.36,1,039.18
95,09:51:12,0.0,0.00,118.376,146,1,189.03,1,050.40
96,09:51:14,0.0,0.00,133.845,150,1,167.16,1,034.40
97,09:51:16,0.0,0.00,134.798,150,1,163.28,1,025.05
98,09:51:18,0.0,0.00,131.991,138,1,160.16,1,019.67
99,09:51:20,0.0,0.00,136.901,142,1,121.67,988.87
100,09:51:22,0.0,0.00,132.755,146,1,171.82,1,031.27
101,09:51:25,0.0,0.00,122.202,136,1,202.13,1,063.73
102,09:51:27,0.0,0.00,132.544,137,1,162.00,1,027.33
103,09:51:29,0.0,0.00,135.301,138,1,172.06,1,034.13
104,09:51:31,0.0,0.00,130.698,142,1,169.67,1,033.22
105,09:51:33,0.0,0.00,134.005,114,1,142.09,1,007.05
106,09:51:35,0.0,0.00,135.494,152,1,156.78,1,020.07
107,09:51:37,0.0,0.00,119.168,148,1,186.98,1,042.05
108,09:51:39,0.0,0.00,135.705,154,1,157.21,1,018.23
109,09:51:41,0.0,0.00,132.468,142,1,165.34,1,023.47
110,09:51:43,0.0,0.00,134.065,135,1,162.70,1,013.92
111,09:51:45,0.0,0.00,135.462,142,1,126.05,986.69
112,09:51:47,0.0,0.00,133.640,131,1,165.59,1,020.49
113,09:51:49,0.0,0.00,120.109,152,1,176.25,1,035.34
114,09:51:51,0.0,0.00,133.183,132,1,162.80,1,021.29
115,09:51:53,0.0,0.00,134.081,133,1,145.29,1,006.03
116,09:51:55,0.0,0.00,129.641,130,1,177.44,1,029.27
117,09:51:57,0.0,0.00,134.183,150,1,134.79,994.29
118,09:51:59,0.0,0.00,137.990,143,1,145.62,1,006.23
119,09:52:01,0.0,0.00,118.193,124,1,184.61,1,037.30
120,09:52:03,0.0,0.00,137.693,133,1,148.86,1,006.03
121,09:52:05,0.0,0.00,134.603,140,1,163.28,1,023.82
122,09:52:07,0.0,0.00,130.436,136,1,171.43,1,017.33
123,09:52:09,0.0,0.00,132.751,151,1,134.80,987.13
124,09:52:11,0.0,0.00,133.061,150,1,159.15,1,008.39
125,09:52:13,0.0,0.00,112.881,141,1,191.02,1,036.32
126,09:52:15,0.0,0.00,133.900,154,1,151.85,1,000.24
127,09:52:17,0.0,0.00,133.674,116,1,162.61,1,020.21
128,09:52:19,0.0,0.00,131.869,126,1,176.24,1,024.82
129,09:52:21,0.0,0.00,139.207,135,1,123.30,980.87
130,09:52:23,0.0,0.00,134.078,152,1,164.99,1,014.42
131,09:52:25,0.0,0.00,114.480,135,1,193.57,1,038.67
132,09:52:27,0.0,0.00,134.926,126,1,154.23,1,003.25
133,09:52:29,0.0,0.00,132.705,138,1,155.69,1,013.08
134,09:52:31,0.0,0.00,132.079,118,1,189.33,1,034.82
135,09:52:33,0.0,0.00,134.316,121,1,150.15,1,003.42
136,09:52:35,0.0,0.00,135.054,143,1,149.06,1,003.48
137,09:52:37,0.0,0.00,109.500,126,1,168.34,1,014.58
138,09:52:39,0.0,0.00,135.253,119,1,154.70,1,006.16
139,09:52:41,0.0,0.00,134.663,126,1,165.46,1,020.20
140,09:52:43,0.0,0.00,130.081,133,1,162.21,1,009.18
141,09:52:46,0.0,0.00,136.784,132,1,127.49,987.67
142,09:52:48,0.0,0.00,132.428,135,1,163.92,1,016.16
143,09:52:50,0.0,0.00,120.844,152,1,170.51,1,018.74
144,09:52:52,0.0,0.00,134.163,140,1,147.47,1,005.38
145,09:52:54,0.0,0.00,133.281,134,1,155.45,1,014.42
146,09:52:56,0.0,0.00,131.162,137,1,163.81,1,012.47
147,09:52:58,0.0,0.00,132.477,136,1,143.88,1,002.39
148,09:53:00,0.0,0.00,134.736,130,1,164.15,1,011.13
149,09:53:02,0.0,0.00,127.651,149,1,163.18,1,014.52
150,09:53:04,0.0,0.00,138.507,122,1,148.61,1,003.19
151,09:53:06,0.0,0.00,135.964,138,1,162.20,1,018.41
152,09:53:08,0.0,0.00,129.451,152,1,172.49,1,019.61
153,09:53:10,0.0,0.00,136.099,134,1,134.15,992.93
154,09:53:12,0.0,0.00,131.249,109,1,168.89,1,019.90
155,09:53:14,0.0,0.00,128.507,144,1,173.57,1,024.87
156,09:53:16,0.0,0.00,136.228,115,1,146.64,1,000.94
157,09:53:19,0.0,0.00,134.405,132,1,172.61,1,023.27
158,09:53:21,0.0,0.00,129.206,138,1,173.99,1,022.17
159,09:53:23,0.0,0.00,134.443,131,1,148.07,1,003.61
160,09:53:25,0.0,0.00,127.916,137,1,177.96,1,023.36
161,09:53:27,0.0,0.00,131.199,145,1,179.86,1,027.38
162,09:53:29,0.0,0.00,134.397,148,1,161.07,1,012.66
163,09:53:31,0.0,0.00,133.823,153,1,160.82,1,014.09
164,09:53:33,0.0,0.00,131.854,122,1,174.41,1,020.26
165,09:53:35,0.0,0.00,132.912,161,1,150.01,1,006.35
166,09:53:37,0.0,0.00,127.410,91,1,169.55,1,018.56
167,09:53:39,0.0,0.00,127.893,142,1,186.51,1,033.36
168,09:53:41,0.0,0.00,133.446,149,1,160.61,1,018.92
169,09:53:43,0.0,0.00,132.440,146,1,158.18,1,012.57
170,09:53:45,0.0,0.00,130.727,137,1,173.61,1,020.15
171,09:53:47,0.0,0.00,134.619,114,1,146.89,1,006.59
172,09:53:49,0.0,0.00,129.432,118,1,180.12,1,025.92
173,09:53:51,0.0,0.00,129.190,149,1,187.93,1,034.52
174,09:53:53,0.0,0.00,137.590,142,1,143.59,1,005.71
175,09:53:55,0.0,0.00,134.012,156,1,176.91,1,027.36
176,09:53:57,0.0,0.00,132.468,153,1,172.67,1,020.92
177,09:53:59,0.0,0.00,135.977,149,1,153.88,1,009.93
178,09:54:01,0.0,0.00,132.535,152,1,172.20,1,021.45
179,09:54:03,0.0,0.00,128.491,140,1,181.81,1,026.82
180,09:54:05,0.0,0.00,139.021,156,1,155.99,1,012.54
181,09:54:07,0.0,0.00,128.851,113,1,179.98,1,025.59
182,09:54:10,0.0,0.00,129.376,133,1,170.91,1,019.79
183,09:54:12,0.0,0.00,134.202,143,1,162.86,1,015.88
184,09:54:14,0.0,0.00,132.847,118,1,177.41,1,027.64
185,09:54:16,0.0,0.00,131.674,136,1,176.46,1,026.27
186,09:54:18,0.0,0.00,135.108,136,1,155.08,1,014.71
187,09:54:20,0.0,0.00,127.626,148,1,180.96,1,027.53
188,09:54:22,0.0,0.00,130.785,134,1,170.61,1,018.88
189,09:54:24,0.0,0.00,134.723,135,1,145.47,1,008.38
190,09:54:26,0.0,0.00,128.474,150,1,164.88,1,012.56
191,09:54:28,0.0,0.00,138.063,148,1,152.88,1,004.09
192,09:54:30,0.0,0.00,137.050,140,1,155.53,1,016.80
193,09:54:32,0.0,0.00,127.549,106,1,171.42,1,018.66
194,09:54:34,0.0,0.00,134.741,121,1,171.12,1,021.35
195,09:54:36,0.0,0.00,136.663,147,1,150.90,1,004.77
196,09:54:38,0.0,0.00,128.924,150,1,171.03,1,019.81
197,09:54:40,0.0,0.00,131.026,131,1,166.54,1,019.06
198,09:54:42,0.0,0.00,133.184,118,1,163.62,1,018.09
199,09:54:44,0.0,0.00,125.099,122,1,174.30,1,025.13
200,09:54:46,0.0,0.00,139.347,129,1,147.19,1,003.66
201,09:54:48,0.0,0.00,133.773,140,1,146.79,1,003.60
202,09:54:50,0.0,0.00,126.998,140,1,166.26,1,013.57
203,09:54:52,0.0,0.00,131.681,137,1,161.04,1,009.20
204,09:54:54,0.0,0.00,128.534,141,1,160.79,1,011.99
205,09:54:56,0.0,0.00,125.708,149,1,172.14,1,022.97
206,09:54:58,0.0,0.00,136.684,122,1,156.00,1,007.60
