run_order	run_id	s_per_tok	gb_per_tok_constant	concurrency
1	r1-20260930_164108	65.21	216.66	9.1
2	r2-20260930_164507	75.62	216.66	8.9
3	r3-20260930_164927	79.91	216.66	10.0
4	run-20261007_081820	98.9	216.66	9.1
5	run-20261007_082730	104.66	216.66	9.0
6	run-20261007_093634	109.73	216.66	9.5
7	run-20261007_102023	117.87	216.66	10.0
8	008449c	83.6	216.66	9.1
9	3ea020c	89.88	216.66	9.0
10	40a9e11	84.63	216.66	8.7
11	burst_p1	91.17	216.66	8.8
12	burst_p2	100.1	216.66	7.5
13	burst_p3	93.88	216.66	8.4
14	burst_p4	89.82	216.66	9.3
15	burst_p5	77.54	216.66	8.7
16	ca0e9b9	86.7	216.66	9.0
17	eng1	76.72	216.66	8.4
18	eng2	87.56	216.66	9.2
19	eng3	83.7	216.66	8.3
20	heat15_r1	91.07	216.66	8.5
21	heat15_r2	92.99	216.66	8.9
22	heat15_r3	116.62	216.66	9.0
23	heat8_r1	86.69	216.66	7.6
24	heat8_r2	94.1	216.66	8.8
25	heat8_r3	94.94	216.66	8.7
26	noburst_p1	87.56	216.66	8.9
27	noburst_p2	88.51	216.66	8.6
28	noburst_p3	111.26	216.66	7.3
29	noburst_p4	79.51	216.66	8.6
30	noburst_p5	84.05	216.66	8.9
