version	run	self_reported_hit_pct	true_resident_hit_pct	hit_io_gb	gap_pt
v4	v4pf-20260926_162650	99.05	0.00	280.65	99.05
v24	v24_t40-20260928_105849	100.00	12.23	195.07	87.77
v16	v16_oldbin-20260927_181507	100.00	18.61	183.68	81.39
v2	v2_cold-20260926_150652	100.00	18.61	183.56	81.39
v2	v2_revert-20260926_141618	100.00	18.61	183.53	81.39
v0	v0_repeat-20260926_132450	100.00	18.61	183.47	81.39
v4	v4_native-20260926_155617	100.00	18.61	183.46	81.39
v3	v3_native-20260926_144135	100.00	18.61	183.30	81.39
v1	v1_nokio-20260926_134011	100.00	18.61	182.47	81.39
v31_bundle	run-20260928_170328	99.73	14.33	181.19	85.40
v23	v23_t32-20260928_103939	100.00	18.61	179.74	81.39
v25	v25_trace8-20260928_122111	100.00	18.61	179.74	81.39
v27	v27_l2native-20260928_143625	100.00	18.61	179.74	81.39
v28	v28_nw8-20260928_151942	100.00	18.61	179.74	81.39
v29	v29_clean-20260928_154147	100.00	18.61	179.74	81.39
v30_repeat	run1-20260928_160701	100.00	18.61	179.74	81.39
v30_repeat	run2-20260928_161955	100.00	18.61	179.74	81.39
v30_repeat	run3-20260928_163244	100.00	18.61	179.74	81.39
v32_table2b	rep1-20260929_080607	100.00	18.61	179.74	81.39
v32_table2b	rep2-20260929_081828	100.00	18.61	179.74	81.39
v32_table2b	rep3-20260929_083113	100.00	18.61	179.74	81.39
v34_ab	t32c15_r1-20260929_100925	100.00	18.61	179.74	81.39
v34_ab	t32c15_r3-20260929_111445	100.00	18.61	179.74	81.39
v41_phase1	rep1-20260929_175401	100.00	18.61	179.74	81.39
v26	v26_nw32-20260928_124031	100.00	18.61	179.72	81.39
v34_ab	t32c15_r2-20260929_104256	100.00	18.61	179.72	81.39
v41_phase1	rep2-20260929_180417	100.00	18.61	179.70	81.39
v0	v0_base-20260926_121456	100.00	18.61	175.49	81.39
v7	v7_shape081-20260927_085903	100.00	28.87	173.00	71.13
v8	v8_full3-20260927_140137	100.00	28.87	172.96	71.13
v11	v11_res29c20-20260927_155839	100.00	29.82	171.59	70.18
v10	v10_res26c23-20260927_154014	100.00	30.10	168.51	69.90
v12	v12_fallback-20260927_164820	100.00	30.10	168.51	69.90
v13	v13_nohold_g1-20260927_170514	100.00	30.10	168.51	69.90
v14	v14_rr-20260927_173715	100.00	30.10	168.51	69.90
v15	v15_nw32-20260927_175332	100.00	30.10	168.51	69.90
v17	v17_clean-20260927_183229	100.00	30.10	168.51	69.90
v9	v9_res24-20260927_150730	100.00	30.10	167.09	69.90
v22	v22_pf1-20260928_090057	100.00	22.62	151.08	77.38
v20	v20_p12-20260927_195507	100.00	40.83	150.99	59.17
v21	v21_tr11-20260927_201041	100.00	42.73	140.13	57.27
v18	v18_bigcache-20260927_184715	100.00	43.00	136.97	57.00
v33_base640	rep1-20260929_092204	100.00	43.00	136.97	57.00
v33_base640	rep2-20260929_093418	100.00	43.00	136.97	57.00
v33_base640	rep3-20260929_095041	100.00	43.00	136.97	57.00
v34_ab	t6c40_r1-20260929_102402	100.00	43.00	136.97	57.00
v34_ab	t6c40_r2-20260929_105630	100.00	43.00	136.97	57.00
v34_ab	t6c40_r3-20260929_112845	100.00	43.00	136.97	57.00
v35_stall	rep1-20260929_121608	100.00	43.00	136.97	57.00
v35_stall	rep2-20260929_123148	100.00	43.00	136.97	57.00
v50_prefetch	pf1_r1-20260930_115817	100.00	0.00	115.36	100.00
v50_prefetch	pf1_r2-20260930_120743	100.00	0.00	115.29	100.00
v50_prefetch	pf1_r3-20260930_121653	100.00	0.00	115.29	100.00
v54_arena	B_24_24_pf1_r1-20260930_144814	100.00	0.00	115.23	100.00
v62_policy	lru15_r3	100.00	0.00	77.49	100.00
v62_policy	lru8_r1	100.00	0.00	77.49	100.00
v62_policy	lru8_r3	100.00	0.00	77.49	100.00
v62_policy	lru15_r1	100.00	0.00	77.47	100.00
v62_policy	lru15_r2	100.00	0.00	77.47	100.00
v62_policy	lru8_r2	100.00	0.00	77.47	100.00
v49_paired	eng2	100.00	3.80	76.51	96.20
v49_paired	eng3	100.00	3.80	76.51	96.20
v50_prefetch	pf0_r1-20260930_115418	100.00	3.80	76.51	96.20
v50_prefetch	pf0_r2-20260930_120310	100.00	3.80	76.51	96.20
v50_prefetch	pf0_r3-20260930_121237	100.00	3.80	76.51	96.20
v51_fdsplit	run-20260930_125448	100.00	3.80	76.51	96.20
v52_counters	run-20260930_132205	100.00	3.80	76.51	96.20
v53_arena	A_32_15_pf0_r1-20260930_135409	100.00	3.80	76.51	96.20
v53_arena	A_32_15_pf0_r2-20260930_135919	100.00	3.80	76.51	96.20
v54_arena	A_32_15_pf0_r1-20260930_144344	100.00	3.80	76.51	96.20
v54_arena	C_24_24_pf0_r1-20260930_145506	100.00	3.80	76.51	96.20
v56_groupcheck	r1-20260930_164108	100.00	3.80	76.51	96.20
v56_groupcheck	r2-20260930_164507	100.00	3.80	76.51	96.20
v56_groupcheck	r3-20260930_164927	100.00	3.80	76.51	96.20
v58_mix	eng3	100.00	3.80	76.51	96.20
v59_bisect	008449c	100.00	3.80	76.51	96.20
v59_bisect	3ea020c	100.00	3.80	76.51	96.20
v59_bisect	40a9e11	100.00	3.80	76.51	96.20
v59_bisect	ca0e9b9	100.00	3.80	76.51	96.20
v61_burst	burst_p1	100.00	3.80	76.51	96.20
v61_burst	burst_p2	100.00	3.80	76.51	96.20
v61_burst	burst_p3	100.00	3.80	76.51	96.20
v61_burst	burst_p4	100.00	3.80	76.51	96.20
v61_burst	burst_p5	100.00	3.80	76.51	96.20
v61_burst	noburst_p1	100.00	3.80	76.51	96.20
v61_burst	noburst_p2	100.00	3.80	76.51	96.20
v61_burst	noburst_p3	100.00	3.80	76.51	96.20
v61_burst	noburst_p4	100.00	3.80	76.51	96.20
v61_burst	noburst_p5	100.00	3.80	76.51	96.20
v62_policy	heat15_r1	100.00	3.80	76.51	96.20
v62_policy	heat15_r2	100.00	3.80	76.51	96.20
v62_policy	heat8_r1	100.00	3.80	76.51	96.20
v62_policy	heat8_r2	100.00	3.80	76.51	96.20
v62_policy	heat8_r3	100.00	3.80	76.51	96.20
v64_schedstat	run-20261007_082730	100.00	3.80	76.51	96.20
v66_label	run-20261007_102023	100.00	3.80	76.51	96.20
v49_paired	eng1	100.00	3.80	76.49	96.20
v58_mix	eng1	100.00	3.80	76.49	96.20
v58_mix	eng2	100.00	3.80	76.49	96.20
v64_schedstat_failed_firsttry	run-20261007_081820	100.00	3.80	76.49	96.20
v65_hitwall	run-20261007_093634	100.00	3.80	76.49	96.20
v62_policy	heat15_r3	100.00	3.80	76.47	96.20
probe	trace_smoke-20260928_080303	100.00	16.10	47.50	83.90
probe	trace_smoke-20260928_081131	100.00	16.10	47.50	83.90
v56_counters	smoke-20260930_163417	100.00	0.00	25.83	100.00
