version	run	requests	hits	self_reported_hit_pct	hit_io_gb	hit_io_s	evictions	true_resident_hit_pct	retained_in_ram_pct	expert_read_gb	trunk_read_gb
probe	trace_smoke-20260928_080303	1472	1472	100.00	47.50	234.98	429	16.10	85.43	47.50	
probe	trace_smoke-20260928_081131	1472	1472	100.00	47.50	202.05	429	16.10	85.43	47.50	
v0	v0_base-20260926_121456	1472	1472	100.00	175.49	316.85	1198	18.61	17.73	183.67	
v0	v0_repeat-20260926_132450	1472	1472	100.00	183.47	251.03	1198	18.61	17.75	183.65	
v10	v10_res26c23-20260927_154014	1472	1472	100.00	168.51	270.79	1029	30.10	29.55	168.56	
v11	v11_res29c20-20260927_155839	1472	1472	100.00	171.59	333.31	1033	29.82	26.61	171.63	
v12	v12_fallback-20260927_164820	1472	1472	100.00	168.51	313.48	1029	30.10	29.55	168.56	
v13	v13_nohold_g1-20260927_170514	1472	1472	100.00	168.51	398.00	1029	30.10	29.55	168.56	
v14	v14_rr-20260927_173715	1472	1472	100.00	168.51	383.28	1029	30.10	29.55	168.56	
v15	v15_nw32-20260927_175332	1472	1472	100.00	168.51	390.98	1029	30.10	29.55	168.56	
v16	v16_oldbin-20260927_181507	1472	1472	100.00	183.68	487.20	1198	18.61	17.65	183.75	
v17	v17_clean-20260927_183229	1472	1472	100.00	168.51	542.53	1029	30.10	29.55	168.56	
v18	v18_bigcache-20260927_184715	1472	1472	100.00	136.97	494.03	839	43.00	53.04	137.01	
v1	v1_nokio-20260926_134011	1472	1472	100.00	182.47	147.85	1198	18.61	17.80	183.61	
v20	v20_p12-20260927_195507	1472	1472	100.00	150.99	509.29	871	40.83	41.30	151.27	
v21	v21_tr11-20260927_201041	1472	1472	100.00	140.13	588.53	843	42.73	49.54	140.24	
v22	v22_pf1-20260928_090057	1472	1472	100.00	151.08	585.57	1139	22.62	46.21	151.12	
v23	v23_t32-20260928_103939	1472	1472	100.00	179.74	400.42	1198	18.61	20.09	180.11	
v24	v24_t40-20260928_105849	1472	1472	100.00	195.07	409.58	1292	12.23	8.87	195.28	
v25	v25_trace8-20260928_122111	1472	1472	100.00	179.74	393.59	1198	18.61	20.09	180.11	
v26	v26_nw32-20260928_124031	1472	1472	100.00	179.72	446.54	1198	18.61	20.09	180.11	
v27	v27_l2native-20260928_143625	1472	1472	100.00	179.74	419.94	1198	18.61	20.09	180.11	
v28	v28_nw8-20260928_151942	1472	1472	100.00	179.74	447.80	1198	18.61	20.09	180.11	
v29	v29_clean-20260928_154147	1472	1472	100.00	179.74	466.52	1198	18.61	20.09	180.11	
v2	v2_cold-20260926_150652	1472	1472	100.00	183.56	323.04	1198	18.61	17.71	183.68	
v2	v2_revert-20260926_141618	1472	1472	100.00	183.53	259.23	1198	18.61	17.69	183.72	
v30_repeat	run1-20260928_160701	1472	1472	100.00	179.74	445.16	1198	18.61	20.09	180.11	
v30_repeat	run2-20260928_161955	1472	1472	100.00	179.74	444.74	1198	18.61	20.09	180.11	
v30_repeat	run3-20260928_163244	1472	1472	100.00	179.74	429.23	1198	18.61	20.09	180.11	
v31_bundle	run-20260928_170328	1472	1468	99.73	181.19	693.38	1261	14.33	24.27	181.54	
v32_table2b	rep1-20260929_080607	1472	1472	100.00	179.74	457.80	1198	18.61	20.09	180.11	
v32_table2b	rep2-20260929_081828	1472	1472	100.00	179.74	444.57	1198	18.61	20.09	180.11	
v32_table2b	rep3-20260929_083113	1472	1472	100.00	179.74	459.30	1198	18.61	20.09	180.11	
v33_base640	rep1-20260929_092204	1472	1472	100.00	136.97	504.25	839	43.00	53.04	137.01	
v33_base640	rep2-20260929_093418	1472	1472	100.00	136.97	654.53	839	43.00	53.04	137.01	
v33_base640	rep3-20260929_095041	1472	1472	100.00	136.97	567.92	839	43.00	53.04	137.01	
v34_ab	t32c15_r1-20260929_100925	1472	1472	100.00	179.74	466.40	1198	18.61	20.09	180.11	
v34_ab	t32c15_r2-20260929_104256	1472	1472	100.00	179.72	404.45	1198	18.61	20.09	180.11	
v34_ab	t32c15_r3-20260929_111445	1472	1472	100.00	179.74	436.03	1198	18.61	20.09	180.11	
v34_ab	t6c40_r1-20260929_102402	1472	1472	100.00	136.97	708.81	839	43.00	53.04	137.01	
v34_ab	t6c40_r2-20260929_105630	1472	1472	100.00	136.97	608.06	839	43.00	53.04	137.01	
v34_ab	t6c40_r3-20260929_112845	1472	1472	100.00	136.97	527.25	839	43.00	53.04	137.01	
v35_stall	rep1-20260929_121608	1472	1472	100.00	136.97	534.35	839	43.00	53.04	137.01	
v35_stall	rep2-20260929_123148	1472	1472	100.00	136.97	599.61	839	43.00	53.04	137.01	
v3	v3_native-20260926_144135	1472	1472	100.00	183.30	331.30	1198	18.61	17.73	183.67	
v41_phase1	rep1-20260929_175401	1472	1472	100.00	179.74	409.18	1198	18.61	20.09	180.11	
v41_phase1	rep2-20260929_180417	1472	1472	100.00	179.70	449.17	1198	18.61	20.09	180.11	
v49_paired	eng1	1472	1472	100.00	76.49	170.69	1416	3.80	20.61	76.51	
v49_paired	eng2	1472	1472	100.00	76.51	175.04	1416	3.80	20.61	76.51	
v49_paired	eng3	1472	1472	100.00	76.51	164.95	1416	3.80	20.61	76.51	
v4	v4_native-20260926_155617	1472	1472	100.00	183.46	347.99	1198	18.61	17.69	183.72	
v4	v4pf-20260926_162650	1472	1458	99.05	280.65	760.05	1912	0.00	0.00	281.41	
v50_prefetch	pf0_r1-20260930_115418	1472	1472	100.00	76.51	128.53	1416	3.80	20.61	76.51	
v50_prefetch	pf0_r2-20260930_120310	1472	1472	100.00	76.51	178.47	1416	3.80	20.61	76.51	
v50_prefetch	pf0_r3-20260930_121237	1472	1472	100.00	76.51	160.81	1416	3.80	20.61	76.51	
v50_prefetch	pf1_r1-20260930_115817	1472	1472	100.00	115.36	325.17	2396	0.00	0.00	115.37	
v50_prefetch	pf1_r2-20260930_120743	1472	1472	100.00	115.29	325.70	2392	0.00	0.00	115.30	
v50_prefetch	pf1_r3-20260930_121653	1472	1472	100.00	115.29	320.82	2392	0.00	0.00	115.30	
v51_fdsplit	run-20260930_125448	1472	1472	100.00	76.51	0.00	1416	3.80	20.61	76.51	
v52_counters	run-20260930_132205	1472	1472	100.00	76.51	0.00	1416	3.80	20.61	76.51	
v53_arena	A_32_15_pf0_r1-20260930_135409	1472	1472	100.00	76.51	0.00	1416	3.80	20.61	76.51	
v53_arena	A_32_15_pf0_r2-20260930_135919	1472	1472	100.00	76.51	0.00	1416	3.80	20.61	76.51	
v54_arena	A_32_15_pf0_r1-20260930_144344	1472	1472	100.00	76.51	0.00	1416	3.80	20.61	76.51	
v54_arena	B_24_24_pf1_r1-20260930_144814	1472	1472	100.00	115.23	0.00	2388	0.00	0.00	115.23	
v54_arena	C_24_24_pf0_r1-20260930_145506	1472	1472	100.00	76.51	0.00	1416	3.80	32.22	76.51	
v56_counters	smoke-20260930_163417	1472	1472	100.00	25.83	41.02	618	0.00	58.02	25.83	
v56_groupcheck	r1-20260930_164108	1472	1472	100.00	76.51	133.18	1416	3.80	20.61	76.51	
v56_groupcheck	r2-20260930_164507	1472	1472	100.00	76.51	151.09	1416	3.80	20.61	76.51	
v56_groupcheck	r3-20260930_164927	1472	1472	100.00	76.51	176.72	1416	3.80	20.61	76.51	
v58_mix	eng1	1472	1472	100.00	76.49	146.28	1416	3.80	20.61	76.51	
v58_mix	eng2	1472	1472	100.00	76.49	180.50	1416	3.80	20.61	76.51	
v58_mix	eng3	1472	1472	100.00	76.51	156.53	1416	3.80	20.61	76.51	
v59_bisect	008449c	1472	1472	100.00	76.51	170.74	1416	3.80	20.61	76.51	
v59_bisect	3ea020c	1472	1472	100.00	76.51	180.43	1416	3.80	20.61	76.51	
v59_bisect	40a9e11	1472	1472	100.00	76.51	164.88	1416	3.80	20.61	76.51	
v59_bisect	ca0e9b9	1472	1472	100.00	76.51	174.95	1416	3.80	20.61	76.51	
v61_burst	burst_p1	1472	1472	100.00	76.51	179.99	1416	3.80	20.61	76.51	
v61_burst	burst_p2	1472	1472	100.00	76.51	163.95	1416	3.80	20.61	76.51	
v61_burst	burst_p3	1472	1472	100.00	76.51	179.65	1416	3.80	20.61	76.51	
v61_burst	burst_p4	1472	1472	100.00	76.51	185.19	1416	3.80	20.61	76.51	
v61_burst	burst_p5	1472	1472	100.00	76.51	150.82	1416	3.80	20.61	76.51	
v61_burst	noburst_p1	1472	1472	100.00	76.51	174.36	1416	3.80	20.61	76.51	
v61_burst	noburst_p2	1472	1472	100.00	76.51	171.10	1416	3.80	20.61	76.51	
v61_burst	noburst_p3	1472	1472	100.00	76.51	176.37	1416	3.80	20.61	76.51	
v61_burst	noburst_p4	1472	1472	100.00	76.51	155.46	1416	3.80	20.61	76.51	
v61_burst	noburst_p5	1472	1472	100.00	76.51	168.25	1416	3.80	20.61	76.51	
v62_policy	heat15_r1	1472	1472	100.00	76.51	173.77	1416	3.80	20.61	76.51	
v62_policy	heat15_r2	1472	1472	100.00	76.51	186.79	1416	3.80	20.61	76.51	
v62_policy	heat15_r3	1472	1472	100.00	76.47	234.16	1416	3.80	20.61	76.51	
v62_policy	heat8_r1	1472	1472	100.00	76.51	150.69	1416	3.80	11.57	76.51	
v62_policy	heat8_r2	1472	1472	100.00	76.51	186.75	1416	3.80	11.57	76.51	
v62_policy	heat8_r3	1472	1472	100.00	76.51	184.00	1416	3.80	11.57	76.51	
v62_policy	lru15_r1	1472	1472	100.00	77.47	154.19	1472	0.00	19.34	77.49	
v62_policy	lru15_r2	1472	1472	100.00	77.47	209.50	1472	0.00	19.34	77.49	
v62_policy	lru15_r3	1472	1472	100.00	77.49	201.32	1472	0.00	19.34	77.49	
v62_policy	lru8_r1	1472	1472	100.00	77.49	134.92	1472	0.00	10.30	77.49	
v62_policy	lru8_r2	1472	1472	100.00	77.47	168.59	1472	0.00	10.30	77.49	
v62_policy	lru8_r3	1472	1472	100.00	77.49	181.03	1472	0.00	10.30	77.49	
v64_schedstat	run-20261007_082730	1472	1472	100.00	76.51	207.88	1416	3.80	20.61	76.51	
v64_schedstat_failed_firsttry	run-20261007_081820	1472	1472	100.00	76.49	197.87	1416	3.80	20.61	76.51	
v65_hitwall	run-20261007_093634	1472	1472	100.00	76.49	3039.05	1416	3.80	20.61	76.51	
v66_label	run-20261007_102023	1472	1472	100.00	76.51	3425.48	1416	3.80	20.61	76.51	
v7	v7_shape081-20260927_085903	1472	1472	100.00	173.00	421.66	1047	28.87	24.81	173.07	
v8	v8_full3-20260927_140137	1472	1472	100.00	172.96	503.93	1047	28.87	24.83	173.05	
v9	v9_res24-20260927_150730	1472	1472	100.00	167.09	306.81	1029	30.10	30.67	167.24	
