token	newkeys_measured	newkeys_fit	cum_distinct_fit	B_i_GB_fit	B_actual_stageA_GB	E_i_stageA	newkeys_source
1	1472	1482.795	1482.795	26.019	25.83	0.9927	measured
2	1176	1297.446	2780.24	48.7856	51.66	1.0589	measured
3	878	1135.265	3915.505	68.7064	77.49	1.1278	measured
4	521	993.357	4908.862	86.1371	103.32	1.1995	measured
5		869.187	5778.049	101.389	129.15	1.2738	geom_fit_0.875
6		760.539	6538.588	114.7343	154.98	1.3508	geom_fit_0.875
7		665.471	7204.059	126.4115	180.81	1.4303	geom_fit_0.875
8		582.287	7786.347	136.6291	206.64	1.5124	geom_fit_0.875
9		509.502	8295.848	145.5694	232.47	1.597	geom_fit_0.875
10		445.814	8741.662	153.3923	258.3	1.6839	geom_fit_0.875
11		390.087	9131.749	160.2372	284.13	1.7732	geom_fit_0.875
12		341.326	9473.076	166.2266	309.96	1.8647	geom_fit_0.875
13		298.66	9771.736	171.4672	335.79	1.9583	geom_fit_0.875
14		261.328	10033.064	176.0528	361.62	2.054	geom_fit_0.875
15		228.662	10261.726	180.0652	387.45	2.1517	geom_fit_0.875
16		200.079	10461.805	183.5761	413.28	2.2513	geom_fit_0.875
17		175.069	10636.874	186.648	439.11	2.3526	geom_fit_0.875
18		153.186	10790.06	189.336	464.94	2.4556	geom_fit_0.875
19		134.037	10924.097	191.688	490.77	2.5603	geom_fit_0.875
20		117.283	11041.38	193.746	516.6	2.6664	geom_fit_0.875
21		102.622	11144.003	195.5468	542.43	2.7739	geom_fit_0.875
22		89.795	11233.797	197.1224	568.26	2.8828	geom_fit_0.875
23		78.57	11312.367	198.5011	594.09	2.9929	geom_fit_0.875
24		68.749	11381.116	199.7075	619.92	3.1041	geom_fit_0.875
25		60.155	11441.272	200.763	645.75	3.2165	geom_fit_0.875
26		52.636	11493.908	201.6866	671.58	3.3298	geom_fit_0.875
27		46.056	11539.964	202.4948	697.41	3.4441	geom_fit_0.875
28		40.299	11580.264	203.2019	723.24	3.5592	geom_fit_0.875
29		35.262	11615.526	203.8207	749.07	3.6751	geom_fit_0.875
30		30.854	11646.38	204.3621	774.9	3.7918	geom_fit_0.875
31		26.997	11673.377	204.8358	800.73	3.9091	geom_fit_0.875
32		23.623	11697.0	205.2503	826.56	4.0271	geom_fit_0.875
