slot	gib	secs
rate		
0	0	0.63	28
607	10	0.03	585
1215	20	0.03	585
1823	30	0.03	585
2431	40	0.04	439
3039	50	0.04	439
3647	60	0.04	439
4255	70	0.04	439
4863	79	0.03	585
5470	89	0.04	439
6078	99	0.04	439
6686	109	0.03	585
7294	119	0.03	585
7902	129	0.02	877
8510	139	0.02	877
9118	149	0.02	877
9726	159	0.03	585
10333	169	0.03	585
10941	179	0.03	585
11549	189	0.02	877
12157	199	0.04	439
12765	209	0.03	585
13373	219	0.04	439
13981	228	0.03	585
0	0	0.03	585
512	8	0.03	585
1024	17	0.03	585
1536	25	0.04	439
2048	33	0.04	439
2560	42	0.04	439
3072	50	0.04	439
3584	59	0.04	439
4096	67	0.03	585
4608	75	0.05	351
5120	84	0.03	585
5632	92	0.03	585
